CREATE TABLE JOB_17B_033_SE1(  
	  JOB_CODE1    NUMBER(2,0),  
	  JOB_DESCRIPTION1      VARCHAR2(14),  
	 JOB_CHG_HR1         VARCHAR2(13),
   JOB_LAST_UPDATE1        DATE,
	  CONSTRAINT PK_JOBC1 PRIMARY KEY (JOB_CODE1)  
	);
 CREATE TABLE EMP_17B_033_SE1(  
  EMP_NUM1    NUMBER(4) NOT NULL,  
  EMP_NAME1    VARCHAR2(10),
  EMP_FNAME1    VARCHAR2(10),
  EMP_INITIAL1    VARCHAR2(1),
  JOB_CODE1      NUMBER(3,0),   
  EMP_HIREDATE1 DATE,  
  EMP_YEAR1           NUMBER(2,0),
  CONSTRAINT PK_EMPNUM12 PRIMARY KEY (EMP_NUM1),
  CONSTRAINT FK_JOBCODE124 FOREIGN KEY (JOB_CODE1) REFERENCES JOB_17B_033_SE1 (JOB_CODE1)  
)   ;
CREATE TABLE PROJECT_17B_033_SE1(  
	  PROJ_NUM1                       NUMBER(2,0),  
	 PROJ_NAME1                     VARCHAR2(14),  
   PROJ_VALUE1                   NUMBER (14,0),
   PROJ_BALANCE1              NUMBER(14,0),
    EMP_NUM1                    NUMBER(4) NOT NULL,  
	  CONSTRAINT PK_PROJNUM14  PRIMARY KEY (PROJ_NUM1),
     CONSTRAINT FK_EMPNO147 FOREIGN KEY (EMP_NUM1) REFERENCES EMP_17B_033_SE1 (EMP_NUM1)
	);
  CREATE TABLE ASSIGNMENT_17B_033_SE1(  
 ASSIGN_NUM1                 NUMBER(4) NOT NULL,  
   ASSIGN_DATE1  DATE, 
  PRO_NUM1                        NUMBER(2,0),   
 EMP_NUM1                        NUMBER(4) NOT NULL,
 ASSIGN_JOB1                    NUMBER(3,0),
 ASSIGN_CHG_HR1           NUMBER(5,0),
ASSIGN_HOURS1             NUMBER(5,0),
  CONSTRAINT PK_ASSIGNNUM165 PRIMARY KEY (ASSIGN_NUM1),
  CONSTRAINT FK_JOBCODE1168 FOREIGN KEY (ASSIGN_JOB1) REFERENCES JOB_17B_033_SE1 (JOB_CODE1),
  CONSTRAINT FK_EMPNO247 FOREIGN KEY (EMP_NUM1) REFERENCES EMP_17B_033_SE1 (EMP_NUM1),
  CONSTRAINT FK_PRONUM1458 FOREIGN KEY (PRO_NUM1) REFERENCES PROJECT_17B_033_SE1 (PROJ_NUM1)
)   ;
DESC  JOB_17B_033_SE1;
DESC  EMP_17B_033_SE1;
DESC  PROJECT_17B_033_SE1;
DESC  ASSIGNMENT_17B_033_SE1;
SELECT * FROM JOB_17B_033_SE1;

INSERT INTO JOB_17B_033_SE1 (JOB_CODE1 , JOB_DESCRIPTION1 , JOB_CHG_HR1 ,JOB_LAST_UPDATE1) VALUES (50, 'PROGRAMMER', 35.75,TO_DATE('20-NOV-2017', 'DD-MON-YYYY'));
INSERT INTO JOB_17B_033_SE1 (JOB_CODE1 , JOB_DESCRIPTION1 , JOB_CHG_HR1 ,JOB_LAST_UPDATE1)  VALUES (51, 'SYS ANALYST',   96.75,TO_DATE('20-NOV-2017', 'DD-MON-YYYY'));
INSERT INTO JOB_17B_033_SE1 (JOB_CODE1 , JOB_DESCRIPTION1 , JOB_CHG_HR1 ,JOB_LAST_UPDATE1) VALUES (52, 'DB DESIGNER',      125.00,TO_DATE('24-MAR-2018', 'DD-MON-YYYY'));
INSERT INTO JOB_17B_033_SE1 (JOB_CODE1 , JOB_DESCRIPTION1 , JOB_CHG_HR1 ,JOB_LAST_UPDATE1) VALUES (53, 'ELEC ENGINEER', 84.50,TO_DATE('20-NOV-2017', 'DD-MON-YYYY'));
INSERT INTO JOB_17B_033_SE1 (JOB_CODE1 , JOB_DESCRIPTION1 , JOB_CHG_HR1 ,JOB_LAST_UPDATE1) VALUES (54, 'MEHA ENGINEER', 67.90,TO_DATE('20-NOV-2017', 'DD-MON-YYYY'));
INSERT INTO JOB_17B_033_SE1 (JOB_CODE1 , JOB_DESCRIPTION1 , JOB_CHG_HR1 ,JOB_LAST_UPDATE1) VALUES (55, 'CIV ENGINEER',   55.78,TO_DATE('20-NOV-2017', 'DD-MON-YYYY'));
INSERT INTO JOB_17B_033_SE1 (JOB_CODE1 , JOB_DESCRIPTION1 , JOB_CHG_HR1 ,JOB_LAST_UPDATE1) VALUES (56, 'CLERICAL SUPP',      26.87,TO_DATE('20-NOV-2017', 'DD-MON-YYYY'));
INSERT INTO JOB_17B_033_SE1 (JOB_CODE1 , JOB_DESCRIPTION1 , JOB_CHG_HR1 ,JOB_LAST_UPDATE1) VALUES (57, 'DSS ANALYST', 45.95,TO_DATE('20-NOV-2017', 'DD-MON-YYYY'));
INSERT INTO JOB_17B_033_SE1 (JOB_CODE1 , JOB_DESCRIPTION1 , JOB_CHG_HR1 ,JOB_LAST_UPDATE1) VALUES (58, 'APP DESIGNER', 48.10,TO_DATE('24-MAR-2018', 'DD-MON-YYYY'));
INSERT INTO JOB_17B_033_SE1 (JOB_CODE1 , JOB_DESCRIPTION1 , JOB_CHG_HR1 ,JOB_LAST_UPDATE1) VALUES (59, 'BIO TEC',   34.55,TO_DATE('20-NOV-2017', 'DD-MON-YYYY'));
INSERT INTO JOB_17B_033_SE1 (JOB_CODE1 , JOB_DESCRIPTION1 , JOB_CHG_HR1 ,JOB_LAST_UPDATE1) VALUES (60, 'GEN SUPPORT',      18.36,TO_DATE('20-NOV-2017', 'DD-MON-YYYY'));

INSERT INTO EMP_17B_033_SE1 (EMP_NUM1,EMP_NAME1,EMP_FNAME1,EMP_INITIAL1,JOB_CODE1 ,EMP_HIREDATE1 ,EMP_YEAR1 ) VALUES 
(101, 'NEWS','JOHN','G',52,TO_DATE('08-NOV-2000', 'DD-MON-YYYY'),4);
INSERT INTO EMP_17B_033_SE1 (EMP_NUM1,EMP_NAME1,EMP_FNAME1,EMP_INITIAL1,JOB_CODE1 ,EMP_HIREDATE1 ,EMP_YEAR1 ) VALUES 
(102, 'SENIOR','DAVID','H',51,TO_DATE('12-JUL-1989', 'DD-MON-YYYY'),15);
INSERT INTO EMP_17B_033_SE1 (EMP_NUM1,EMP_NAME1,EMP_FNAME1,EMP_INITIAL1,JOB_CODE1 ,EMP_HIREDATE1 ,EMP_YEAR1 ) VALUES 
(103, 'ARBOUGH','JUNE','E',53,TO_DATE('01-DEC-1996', 'DD-MON-YYYY'),8);
INSERT INTO EMP_17B_033_SE1 (EMP_NUM1,EMP_NAME1,EMP_FNAME1,EMP_INITIAL1,JOB_CODE1 ,EMP_HIREDATE1 ,EMP_YEAR1 ) VALUES 
(104, 'RAMORAS','ANNE','K',51,TO_DATE('15-NOV-1987', 'DD-MON-YYYY'),17);
INSERT INTO EMP_17B_033_SE1 (EMP_NUM1,EMP_NAME1,EMP_FNAME1,EMP_INITIAL1,JOB_CODE1 ,EMP_HIREDATE1 ,EMP_YEAR1 ) VALUES (105, 'JOHNSON','ALICE','K',52,TO_DATE('01-FEB-1993', 'DD-MON-YYYY'),12);
INSERT INTO EMP_17B_033_SE1 (EMP_NUM1,EMP_NAME1,EMP_FNAME1,EMP_INITIAL1,JOB_CODE1 ,EMP_HIREDATE1 ,EMP_YEAR1 ) VALUES (106, 'SMITHFIELD','WILIAM','NULL',50,TO_DATE('22-JUN-2004', 'DD-MON-YYYY'),0);
INSERT INTO EMP_17B_033_SE1 (EMP_NUM1,EMP_NAME1,EMP_FNAME1,EMP_INITIAL1,JOB_CODE1 ,EMP_HIREDATE1 ,EMP_YEAR1 ) VALUES (107, 'ALONZO','MARIA','D',50,TO_DATE('10-OCT-1993', 'DD-MON-YYYY'),11);
INSERT INTO EMP_17B_033_SE1 (EMP_NUM1,EMP_NAME1,EMP_FNAME1,EMP_INITIAL1,JOB_CODE1 ,EMP_HIREDATE1 ,EMP_YEAR1 ) VALUES (108, 'WASHINGTON','RALPH','B',51,TO_DATE('22-AUG-1991', 'DD-MON-YYYY'),13);
INSERT INTO EMP_17B_033_SE1 (EMP_NUM1,EMP_NAME1,EMP_FNAME1,EMP_INITIAL1,JOB_CODE1 ,EMP_HIREDATE1 ,EMP_YEAR1 ) VALUES (109, 'SMITH','LARRY','W',51,TO_DATE('18-JUL-1997', 'DD-MON-YYYY'),7);
INSERT INTO EMP_17B_033_SE1 (EMP_NUM1,EMP_NAME1,EMP_FNAME1,EMP_INITIAL1,JOB_CODE1 ,EMP_HIREDATE1 ,EMP_YEAR1 ) VALUES (110, 'OLENKO','GERALD','A',55,TO_DATE('11-DEC-1995', 'DD-MON-YYYY'),9);
INSERT INTO EMP_17B_033_SE1 (EMP_NUM1,EMP_NAME1,EMP_FNAME1,EMP_INITIAL1,JOB_CODE1 ,EMP_HIREDATE1 ,EMP_YEAR1 ) VALUES (111, 'WABASH','GEOFF','B',56,TO_DATE('04-APR-1991', 'DD-MON-YYYY'),14);
INSERT INTO EMP_17B_033_SE1 (EMP_NUM1,EMP_NAME1,EMP_FNAME1,EMP_INITIAL1,JOB_CODE1 ,EMP_HIREDATE1 ,EMP_YEAR1 ) VALUES (112, 'SMITHSON','DARLENE','M',57,TO_DATE('08-NOV-2000', 'DD-MON-YYYY'),10);
INSERT INTO EMP_17B_033_SE1 (EMP_NUM1,EMP_NAME1,EMP_FNAME1,EMP_INITIAL1,JOB_CODE1 ,EMP_HIREDATE1 ,EMP_YEAR1 ) VALUES (113, 'JOENBROOD','DELBERT','K',58,TO_DATE('08-NOV-2000', 'DD-MON-YYYY'),8);
INSERT INTO EMP_17B_033_SE1 (EMP_NUM1,EMP_NAME1,EMP_FNAME1,EMP_INITIAL1,JOB_CODE1 ,EMP_HIREDATE1 ,EMP_YEAR1 ) VALUES (114, 'JONES','ANNELISE','NULL',58,TO_DATE('08-NOV-2000', 'DD-MON-YYYY'),11);
INSERT INTO EMP_17B_033_SE1 (EMP_NUM1,EMP_NAME1,EMP_FNAME1,EMP_INITIAL1,JOB_CODE1 ,EMP_HIREDATE1 ,EMP_YEAR1 ) VALUES (115, 'BAWANGI','TRAVIS','B',51,TO_DATE('08-NOV-2000', 'DD-MON-YYYY'),13);
INSERT INTO EMP_17B_033_SE1 (EMP_NUM1,EMP_NAME1,EMP_FNAME1,EMP_INITIAL1,JOB_CODE1 ,EMP_HIREDATE1 ,EMP_YEAR1 ) VALUES (116, 'PRATT','GERALD','L',60,TO_DATE('08-NOV-2000', 'DD-MON-YYYY'),8);
INSERT INTO EMP_17B_033_SE1 (EMP_NUM1,EMP_NAME1,EMP_FNAME1,EMP_INITIAL1,JOB_CODE1 ,EMP_HIREDATE1 ,EMP_YEAR1 ) VALUES (117, 'WILLIAMSON','ANGIE','H',59,TO_DATE('08-NOV-2000', 'DD-MON-YYYY'),8);
INSERT INTO EMP_17B_033_SE1 (EMP_NUM1,EMP_NAME1,EMP_FNAME1,EMP_INITIAL1,JOB_CODE1 ,EMP_HIREDATE1 ,EMP_YEAR1 ) VALUES (118, 'FROMMER','JAMES','J',60,TO_DATE('08-NOV-2000', 'DD-MON-YYYY'),0);

INSERT INTO PROJECT_17B_033_SE1 ( PROJ_NUM1 ,PROJ_NAME1 , PROJ_VALUE1  ,PROJ_BALANCE1,EMP_NUM1) VALUES (15, 'EVERGREEN', 1453500,1002350,103);
INSERT INTO PROJECT_17B_033_SE1 ( PROJ_NUM1 ,PROJ_NAME1 , PROJ_VALUE1  ,PROJ_BALANCE1,EMP_NUM1) VALUES (18, 'AMBERWAVE', 1453500,1002350,108);
INSERT INTO PROJECT_17B_033_SE1 ( PROJ_NUM1 ,PROJ_NAME1 , PROJ_VALUE1  ,PROJ_BALANCE1,EMP_NUM1) VALUES (22, 'ROLL TIDE', 1453500,1002350,102);
INSERT INTO PROJECT_17B_033_SE1 ( PROJ_NUM1 ,PROJ_NAME1 , PROJ_VALUE1  ,PROJ_BALANCE1,EMP_NUM1) VALUES (25, 'STARFLIGHT', 1453500,1002350,173);







